Tumor_Sample_Barcode,Tumor_Sample_Barcode
TCGA-EJ-5499,TCGA-EJ-5499
MO_1012,MO_1012
TCGA-CH-5752,TCGA-CH-5752
SC_9126,SC_9126
PROS01448-6115227-SM-67ERU,PROS01448-6115227-SM-67ERU
SC_9165,SC_9165
TCGA-XK-AAIW,TCGA-XK-AAIW
TCGA-YL-A8SH,TCGA-YL-A8SH
SC_9162,SC_9162
TCGA-HI-7171,TCGA-HI-7171
TCGA-QU-A6IM,TCGA-QU-A6IM
SC_9163,SC_9163
TCGA-KK-A6E1,TCGA-KK-A6E1
TCGA-HC-7210,TCGA-HC-7210
TCGA-V1-A9OL,TCGA-V1-A9OL
TCGA-V1-A9OX,TCGA-V1-A9OX
TCGA-J4-A67R,TCGA-J4-A67R
SC_9061,SC_9061
PROS01448-6115235-SM-67ERY,PROS01448-6115235-SM-67ERY
TCGA-XJ-A9DQ,TCGA-XJ-A9DQ
SC_9056,SC_9056
MO_1410,MO_1410
TP_2001,TP_2001
SC_9094,SC_9094
SC_9132,SC_9132
SC_9008,SC_9008
SC_9072,SC_9072
PROS12319B-SU2C-06115118-SM-4W2ND,PROS12319B-SU2C-06115118-SM-4W2ND
SC_9123,SC_9123
SC_9138,SC_9138
TCGA-HC-7077,TCGA-HC-7077
TCGA-G9-6361,TCGA-G9-6361
SC_9027,SC_9027
TCGA-H9-A6BY,TCGA-H9-A6BY
PRAD-6115395.0-SM-7LGUH,PRAD-6115395.0-SM-7LGUH
TCGA-EJ-5521,TCGA-EJ-5521
SC_9047,SC_9047
TCGA-CH-5761,TCGA-CH-5761
PRAD-6115399.0-SM-7LGUL,PRAD-6115399.0-SM-7LGUL
SC_9038,SC_9038
PRAD-6115385.0-SM-7LGU7,PRAD-6115385.0-SM-7LGU7
TCGA-J9-A52C,TCGA-J9-A52C
TCGA-KC-A7FD,TCGA-KC-A7FD
SC_9022,SC_9022
TCGA-YL-A8SR,TCGA-YL-A8SR
PM189,PM189
TCGA-KC-A4BL,TCGA-KC-A4BL
TCGA-HC-7750,TCGA-HC-7750
TCGA-KK-A6E4,TCGA-KK-A6E4
TCGA-KK-A7B1,TCGA-KK-A7B1
SC_9010,SC_9010
TCGA-EJ-7788,TCGA-EJ-7788
SC_9171,SC_9171
TCGA-YL-A8SA,TCGA-YL-A8SA
TCGA-KK-A8IC,TCGA-KK-A8IC
SC_9036,SC_9036
TCGA-G9-7525,TCGA-G9-7525
MO_1232,MO_1232
SC_9081,SC_9081
SC_9172,SC_9172
PROS12319B-SU2C-06115122-SM-4W2NH,PROS12319B-SU2C-06115122-SM-4W2NH
SC_9076,SC_9076
TCGA-XQ-A8TB,TCGA-XQ-A8TB
SC_9026,SC_9026
SC_9032,SC_9032
TCGA-XJ-A83F,TCGA-XJ-A83F
TCGA-EJ-7791,TCGA-EJ-7791
TCGA-XQ-A8TA,TCGA-XQ-A8TA
MO_1014,MO_1014
TCGA-ZG-A9NI,TCGA-ZG-A9NI
SC_9140,SC_9140
MO_1084,MO_1084
SC_9099,SC_9099
SC_9121,SC_9121
TCGA-V1-A8MG,TCGA-V1-A8MG
TCGA-EJ-7782,TCGA-EJ-7782
TCGA-KK-A59V,TCGA-KK-A59V
TCGA-YL-A9WI,TCGA-YL-A9WI
TCGA-YL-A8HO,TCGA-YL-A8HO
SC_9144,SC_9144
TCGA-2A-A8VL,TCGA-2A-A8VL
PROS12319B-SU2C-06115119-SM-4W2NE,PROS12319B-SU2C-06115119-SM-4W2NE
TCGA-CH-5754,TCGA-CH-5754
TCGA-J4-A83J,TCGA-J4-A83J
TCGA-KC-A7F3,TCGA-KC-A7F3
SC_9100,SC_9100
SC_9030,SC_9030
PROS01448-6115242-SM-67ES1,PROS01448-6115242-SM-67ES1
TCGA-Y6-A9XI,TCGA-Y6-A9XI
TCGA-CH-5772,TCGA-CH-5772
TCGA-KK-A8IJ,TCGA-KK-A8IJ
TCGA-EJ-5524,TCGA-EJ-5524
SC_9086,SC_9086
TCGA-YL-A9WH,TCGA-YL-A9WH
MO_1040,MO_1040
MO_1447,MO_1447
TCGA-EJ-5518,TCGA-EJ-5518
TCGA-V1-A9O5,TCGA-V1-A9O5
TCGA-EJ-5519,TCGA-EJ-5519
SC_9071,SC_9071
TCGA-ZG-A9LZ,TCGA-ZG-A9LZ
TCGA-EJ-5498,TCGA-EJ-5498
TCGA-HC-7742,TCGA-HC-7742
TCGA-EJ-7783,TCGA-EJ-7783
TCGA-EJ-A8FO,TCGA-EJ-A8FO
SC_9090,SC_9090
TP_2077,TP_2077
TCGA-HC-A6AO,TCGA-HC-A6AO
SC_9156,SC_9156
SC_9105,SC_9105
TCGA-G9-6378,TCGA-G9-6378
SC_9118,SC_9118
SC_9096,SC_9096
TCGA-TK-A8OK,TCGA-TK-A8OK
SI_9157,SI_9157
SC_9001,SC_9001
SC_9046,SC_9046
SC_9141,SC_9141
SC_9028,SC_9028
SC_9073,SC_9073
TCGA-G9-7522,TCGA-G9-7522
SC_9109,SC_9109
TP_2064,TP_2064
TCGA-V1-A9ZI,TCGA-V1-A9ZI
TCGA-EJ-5503,TCGA-EJ-5503
PM155,PM155
TCGA-EJ-A65F,TCGA-EJ-A65F
SC_9007,SC_9007
SC_9016,SC_9016
TCGA-EJ-5527,TCGA-EJ-5527
TCGA-CH-5739,TCGA-CH-5739
TCGA-YL-A8HJ,TCGA-YL-A8HJ
PM2,PM2
TCGA-EJ-7797,TCGA-EJ-7797
PROS01448-1115244-SM-5SGU6,PROS01448-1115244-SM-5SGU6
MO_1013,MO_1013
TCGA-V1-A9OA,TCGA-V1-A9OA
TCGA-G9-6363,TCGA-G9-6363
TCGA-HI-7168,TCGA-HI-7168
SC_9153,SC_9153
MO_1215,MO_1215
MO_1184,MO_1184
TCGA-VP-A872,TCGA-VP-A872
TCGA-EJ-5525,TCGA-EJ-5525
PROS01448-6115234-SM-67ERX,PROS01448-6115234-SM-67ERX
MO_1118,MO_1118
SC_9029,SC_9029
TCGA-ZG-A9LS,TCGA-ZG-A9LS
PROS12319B-SU2C-06115121-SM-4W2NG,PROS12319B-SU2C-06115121-SM-4W2NG
PROS01448-1115183-SM-5SGU3,PROS01448-1115183-SM-5SGU3
TCGA-XK-AAIR,TCGA-XK-AAIR
TCGA-YJ-A8SW,TCGA-YJ-A8SW
PRAD-6115396.0-SM-7LGUI,PRAD-6115396.0-SM-7LGUI
TCGA-KK-A8IL,TCGA-KK-A8IL
TCGA-EJ-A7NN,TCGA-EJ-A7NN
TCGA-G9-6496,TCGA-G9-6496
TCGA-ZG-A9L2,TCGA-ZG-A9L2
TCGA-J4-A67M,TCGA-J4-A67M
TCGA-G9-6379,TCGA-G9-6379
TCGA-G9-6371,TCGA-G9-6371
TCGA-ZG-A9L9,TCGA-ZG-A9L9
SC_9148,SC_9148
SC_9083,SC_9083
TCGA-KK-A8I6,TCGA-KK-A8I6
SC_9060,SC_9060
SC_9068,SC_9068
TCGA-HC-A76X,TCGA-HC-A76X
TCGA-EJ-A8FN,TCGA-EJ-A8FN
PROS01448-6115247-SM-67ES2,PROS01448-6115247-SM-67ES2
TCGA-EJ-5508,TCGA-EJ-5508
MO_1202,MO_1202
MO_1124,MO_1124
TP_2078,TP_2078
TCGA-CH-5788,TCGA-CH-5788
PROS01448-6115233-SM-67ERW,PROS01448-6115233-SM-67ERW
SC_9017,SC_9017
TCGA-CH-5737,TCGA-CH-5737
TP_2061,TP_2061
SC_9107,SC_9107
TCGA-G9-6339,TCGA-G9-6339
TCGA-KK-A6E8,TCGA-KK-A6E8
PM163,PM163
SC_9092,SC_9092
SC_9142,SC_9142
TCGA-CH-5738,TCGA-CH-5738
PRAD-6115398.0-SM-7LGUK,PRAD-6115398.0-SM-7LGUK
MO_1473,MO_1473
SC_9021,SC_9021
MO_1071,MO_1071
TCGA-G9-6362,TCGA-G9-6362
TCGA-CH-5753,TCGA-CH-5753
PRAD-6115397.0-SM-7LGUJ,PRAD-6115397.0-SM-7LGUJ
TCGA-G9-6498,TCGA-G9-6498
MO_1421,MO_1421
PROS12319B-SU2C-06115114-SM-4W2N9,PROS12319B-SU2C-06115114-SM-4W2N9
TCGA-XK-AAJT,TCGA-XK-AAJT
TCGA-HC-A4ZV,TCGA-HC-A4ZV
TCGA-HC-8265,TCGA-HC-8265
TCGA-HC-7736,TCGA-HC-7736
TCGA-EJ-A6RC,TCGA-EJ-A6RC
SC_9054,SC_9054
TCGA-KK-A59Y,TCGA-KK-A59Y
TCGA-CH-5750,TCGA-CH-5750
TCGA-EJ-8474,TCGA-EJ-8474
TCGA-EJ-7331,TCGA-EJ-7331
TCGA-EJ-8469,TCGA-EJ-8469
SC_9058,SC_9058
TCGA-HC-8216,TCGA-HC-8216
TCGA-EJ-AB27,TCGA-EJ-AB27
PRAD-6115393.0-SM-7LGUF,PRAD-6115393.0-SM-7LGUF
SC_9097,SC_9097
PROS12319B-SU2C-06115116-SM-4W2NB,PROS12319B-SU2C-06115116-SM-4W2NB
TCGA-XK-AAJA,TCGA-XK-AAJA
PM159,PM159
TCGA-HC-8262,TCGA-HC-8262
SC_9136,SC_9136
MO_1262,MO_1262
TP_2069,TP_2069
TCGA-XK-AAJR,TCGA-XK-AAJR
TCGA-V1-A9OH,TCGA-V1-A9OH
TCGA-KK-A7AQ,TCGA-KK-A7AQ
PROS12319B-SU2C-06115117-SM-4W2NC,PROS12319B-SU2C-06115117-SM-4W2NC
SC_9104,SC_9104
TCGA-HC-7745,TCGA-HC-7745
TCGA-G9-6356,TCGA-G9-6356
SC_9129,SC_9129
TCGA-YL-A8SP,TCGA-YL-A8SP
TCGA-EJ-7328,TCGA-EJ-7328
TCGA-EJ-A8FU,TCGA-EJ-A8FU
TP_2010,TP_2010
TCGA-V1-A8MF,TCGA-V1-A8MF
SC_9082,SC_9082
TCGA-VP-A875,TCGA-VP-A875
TCGA-EJ-5511,TCGA-EJ-5511
TCGA-HC-A9TE,TCGA-HC-A9TE
TCGA-XK-AAK1,TCGA-XK-AAK1
TCGA-HC-A631,TCGA-HC-A631
TCGA-EJ-A7NH,TCGA-EJ-A7NH
TCGA-2A-A8W1,TCGA-2A-A8W1
SC_9145,SC_9145
MO_1074,MO_1074
TCGA-G9-6329,TCGA-G9-6329
TCGA-EJ-A7NM,TCGA-EJ-A7NM
TCGA-G9-7519,TCGA-G9-7519
MO_1008,MO_1008
TCGA-HC-7209,TCGA-HC-7209
MO_1015,MO_1015
TCGA-J4-A67N,TCGA-J4-A67N
TCGA-EJ-A46G,TCGA-EJ-A46G
SC_9150,SC_9150
TCGA-EJ-A46D,TCGA-EJ-A46D
TCGA-G9-7510,TCGA-G9-7510
TCGA-KK-A6E2,TCGA-KK-A6E2
TCGA-EJ-A65D,TCGA-EJ-A65D
TCGA-FC-A4JI,TCGA-FC-A4JI
TCGA-KK-A8IF,TCGA-KK-A8IF
SC_9091,SC_9091
TCGA-KK-A7AP,TCGA-KK-A7AP
SC_9034,SC_9034
TCGA-XJ-A83G,TCGA-XJ-A83G
SC_9137,SC_9137
PM172,PM172
SC_9103,SC_9103
TCGA-KK-A8I9,TCGA-KK-A8I9
TCGA-EJ-5494,TCGA-EJ-5494
TCGA-EJ-7786,TCGA-EJ-7786
TCGA-YL-A9WK,TCGA-YL-A9WK
PM90,PM90
TCGA-KK-A8IG,TCGA-KK-A8IG
TCGA-HC-7747,TCGA-HC-7747
PRAD-6115388.0-SM-7LGUA,PRAD-6115388.0-SM-7LGUA
MO_1114,MO_1114
TCGA-HC-A6HY,TCGA-HC-A6HY
TCGA-EJ-5502,TCGA-EJ-5502
TCGA-EJ-7317,TCGA-EJ-7317
TCGA-YL-A8S9,TCGA-YL-A8S9
TCGA-EJ-5507,TCGA-EJ-5507
PRAD-6115402.0-SM-7LGUP,PRAD-6115402.0-SM-7LGUP
TCGA-HC-A76W,TCGA-HC-A76W
TCGA-EJ-5526,TCGA-EJ-5526
TCGA-KK-A8IK,TCGA-KK-A8IK
TCGA-VP-AA1N,TCGA-VP-AA1N
MO_1176,MO_1176
PRAD-6115390.0-SM-7LGUC,PRAD-6115390.0-SM-7LGUC
SC_9139,SC_9139
TCGA-G9-6369,TCGA-G9-6369
TCGA-HI-7169,TCGA-HI-7169
TCGA-HC-A9TH,TCGA-HC-A9TH
SC_9080,SC_9080
MO_1316,MO_1316
TCGA-KK-A7B2,TCGA-KK-A7B2
TCGA-YL-A9WL,TCGA-YL-A9WL
TCGA-EJ-5496,TCGA-EJ-5496
TCGA-KK-A8IA,TCGA-KK-A8IA
PM119,PM119
TP_2032,TP_2032
TCGA-HC-7821,TCGA-HC-7821
TCGA-KK-A5A1,TCGA-KK-A5A1
TCGA-G9-6333,TCGA-G9-6333
TCGA-VN-A88O,TCGA-VN-A88O
TCGA-EJ-8468,TCGA-EJ-8468
TCGA-EJ-A7NF,TCGA-EJ-A7NF
TCGA-KK-A8II,TCGA-KK-A8II
MO_1128,MO_1128
TP_2060,TP_2060
SC_9024,SC_9024
TCGA-CH-5768,TCGA-CH-5768
PM170,PM170
TCGA-EJ-5531,TCGA-EJ-5531
SC_9063,SC_9063
TCGA-EJ-A65M,TCGA-EJ-A65M
TCGA-J9-A8CL,TCGA-J9-A8CL
TCGA-J9-A8CM,TCGA-J9-A8CM
TCGA-X4-A8KQ,TCGA-X4-A8KQ
TCGA-G9-6373,TCGA-G9-6373
TCGA-YL-A8SF,TCGA-YL-A8SF
TCGA-KK-A7B0,TCGA-KK-A7B0
TCGA-YL-A8SO,TCGA-YL-A8SO
TCGA-V1-A8WV,TCGA-V1-A8WV
TCGA-VN-A943,TCGA-VN-A943
TCGA-EJ-7784,TCGA-EJ-7784
TCGA-QU-A6IL,TCGA-QU-A6IL
TCGA-XJ-A9DX,TCGA-XJ-A9DX
TCGA-G9-A9S0,TCGA-G9-A9S0
TP_2079,TP_2079
PROS01448-6115224-SM-67ERT,PROS01448-6115224-SM-67ERT
TCGA-2A-AAYO,TCGA-2A-AAYO
TCGA-EJ-7789,TCGA-EJ-7789
TCGA-QU-A6IP,TCGA-QU-A6IP
TCGA-KK-A7AU,TCGA-KK-A7AU
TCGA-HC-7744,TCGA-HC-7744
TCGA-KK-A8IH,TCGA-KK-A8IH
TCGA-TP-A8TV,TCGA-TP-A8TV
TCGA-KK-A7AZ,TCGA-KK-A7AZ
TCGA-V1-A8X3,TCGA-V1-A8X3
PRAD-6115400.0-SM-7LGUM,PRAD-6115400.0-SM-7LGUM
TCGA-ZG-A9L5,TCGA-ZG-A9L5
TCGA-ZG-A9LB,TCGA-ZG-A9LB
TCGA-CH-5751,TCGA-CH-5751
TCGA-G9-6494,TCGA-G9-6494
TCGA-HC-7820,TCGA-HC-7820
TCGA-J9-A8CK,TCGA-J9-A8CK
TCGA-G9-6332,TCGA-G9-6332
TCGA-CH-5769,TCGA-CH-5769
TCGA-HI-7170,TCGA-HI-7170
MO_1192,MO_1192
PROS10448-1115156-SM-5EEBN,PROS10448-1115156-SM-5EEBN
MO_1219,MO_1219
SC_9023,SC_9023
TCGA-KK-A59X,TCGA-KK-A59X
MO_1161,MO_1161
TCGA-HC-A6AL,TCGA-HC-A6AL
TCGA-ZG-A8QY,TCGA-ZG-A8QY
TCGA-CH-5766,TCGA-CH-5766
TCGA-G9-A9S7,TCGA-G9-A9S7
TCGA-KK-A59Z,TCGA-KK-A59Z
MO_1179,MO_1179
TCGA-EJ-5495,TCGA-EJ-5495
TCGA-G9-6348,TCGA-G9-6348
PRAD-6115391.0-SM-7LGUD,PRAD-6115391.0-SM-7LGUD
TCGA-FC-A8O0,TCGA-FC-A8O0
TCGA-HC-8264,TCGA-HC-8264
MO_1130,MO_1130
TCGA-EJ-7321,TCGA-EJ-7321
TCGA-HC-8256,TCGA-HC-8256
TCGA-KK-A7AY,TCGA-KK-A7AY
TP_2020,TP_2020
TCGA-4L-AA1F,TCGA-4L-AA1F
TCGA-HC-7213,TCGA-HC-7213
PROS12319B-SU2C-06115123-SM-4W2NI,PROS12319B-SU2C-06115123-SM-4W2NI
TCGA-HC-7752,TCGA-HC-7752
TCGA-EJ-7792,TCGA-EJ-7792
TCGA-J4-A67Q,TCGA-J4-A67Q
TCGA-EJ-5501,TCGA-EJ-5501
TCGA-EJ-8472,TCGA-EJ-8472
TCGA-CH-5767,TCGA-CH-5767
TCGA-EJ-7123,TCGA-EJ-7123
TCGA-HC-7748,TCGA-HC-7748
TCGA-V1-A9OQ,TCGA-V1-A9OQ
TCGA-CH-5764,TCGA-CH-5764
MO_1054,MO_1054
TCGA-V1-A8MK,TCGA-V1-A8MK
TCGA-CH-5740,TCGA-CH-5740
TCGA-CH-5794,TCGA-CH-5794
TCGA-V1-A8MU,TCGA-V1-A8MU
MO_1339,MO_1339
TCGA-KC-A7F6,TCGA-KC-A7F6
TCGA-EJ-5510,TCGA-EJ-5510
TCGA-EJ-7318,TCGA-EJ-7318
SC_9035,SC_9035
TCGA-J4-A67T,TCGA-J4-A67T
PROS01448-1115161-SM-5SGU1,PROS01448-1115161-SM-5SGU1
SC_9151,SC_9151
TCGA-HC-A6HX,TCGA-HC-A6HX
SC_9065,SC_9065
TCGA-EJ-7115,TCGA-EJ-7115
TCGA-HC-7817,TCGA-HC-7817
TCGA-G9-7523,TCGA-G9-7523
PROS01448-6115237-SM-67ERZ,PROS01448-6115237-SM-67ERZ
TCGA-VN-A88R,TCGA-VN-A88R
TCGA-V1-A9OY,TCGA-V1-A9OY
TCGA-KC-A7FA,TCGA-KC-A7FA
PRAD-6115381.0-SM-7LGU3,PRAD-6115381.0-SM-7LGU3
TCGA-KK-A7B3,TCGA-KK-A7B3
TCGA-G9-6365,TCGA-G9-6365
TCGA-EJ-5512,TCGA-EJ-5512
MO_1249,MO_1249
SC_9158,SC_9158
TCGA-G9-6499,TCGA-G9-6499
TCGA-CH-5790,TCGA-CH-5790
SC_9055,SC_9055
TCGA-HC-A6AN,TCGA-HC-A6AN
MO_1095,MO_1095
TCGA-HC-A8D0,TCGA-HC-A8D0
TCGA-WW-A8ZI,TCGA-WW-A8ZI
MO_1460,MO_1460
TCGA-CH-5789,TCGA-CH-5789
TCGA-HC-8213,TCGA-HC-8213
TCGA-J4-A67L,TCGA-J4-A67L
TCGA-V1-A8WN,TCGA-V1-A8WN
SC_9173,SC_9173
TCGA-HC-7078,TCGA-HC-7078
TCGA-HC-8257,TCGA-HC-8257
SC_9059,SC_9059
TCGA-KK-A8I7,TCGA-KK-A8I7
PROS01448-6115251-SM-67ES6,PROS01448-6115251-SM-67ES6
TCGA-XK-AAJP,TCGA-XK-AAJP
TCGA-CH-5765,TCGA-CH-5765
TCGA-ZG-A8QW,TCGA-ZG-A8QW
TCGA-G9-6377,TCGA-G9-6377
TCGA-KK-A6DY,TCGA-KK-A6DY
SC_9043,SC_9043
TCGA-FC-7961,TCGA-FC-7961
TCGA-EJ-A65B,TCGA-EJ-A65B
TCGA-YL-A9WJ,TCGA-YL-A9WJ
MO_1020,MO_1020
TCGA-KK-A8IM,TCGA-KK-A8IM
TCGA-HC-7081,TCGA-HC-7081
TCGA-J4-8200,TCGA-J4-8200
TCGA-EJ-A65E,TCGA-EJ-A65E
MO_1337,MO_1337
TCGA-EJ-A65J,TCGA-EJ-A65J
TCGA-EJ-5505,TCGA-EJ-5505
SC_9048,SC_9048
TCGA-HC-8258,TCGA-HC-8258
TCGA-EJ-7314,TCGA-EJ-7314
MO_1277,MO_1277
SC_9039,SC_9039
TCGA-2A-AAYF,TCGA-2A-AAYF
PRAD-06115124-SM-7LGU1,PRAD-06115124-SM-7LGU1
TCGA-ZG-A9KY,TCGA-ZG-A9KY
TCGA-EJ-5530,TCGA-EJ-5530
TCGA-HC-7080,TCGA-HC-7080
MO_1096,MO_1096
PROS12319B-SU2C-06115115-SM-4W2NA,PROS12319B-SU2C-06115115-SM-4W2NA
TCGA-CH-5791,TCGA-CH-5791
TCGA-KK-A6E0,TCGA-KK-A6E0
PROS01448-1115202-SM-5SGU5,PROS01448-1115202-SM-5SGU5
SC_9084,SC_9084
TCGA-2A-A8VV,TCGA-2A-A8VV
TCGA-KK-A6E6,TCGA-KK-A6E6
TCGA-YL-A8HM,TCGA-YL-A8HM
SC_9018,SC_9018
TCGA-J9-A52B,TCGA-J9-A52B
TCGA-ZG-A9M4,TCGA-ZG-A9M4
TCGA-KK-A8I8,TCGA-KK-A8I8
TCGA-XK-AAJ3,TCGA-XK-AAJ3
TCGA-ZG-A9LY,TCGA-ZG-A9LY
TCGA-HC-A632,TCGA-HC-A632
TCGA-J4-AATZ,TCGA-J4-AATZ
TCGA-2A-A8VT,TCGA-2A-A8VT
TCGA-ZG-A9N3,TCGA-ZG-A9N3
TCGA-HC-7211,TCGA-HC-7211
TCGA-HC-7232,TCGA-HC-7232
TCGA-G9-6338,TCGA-G9-6338
TCGA-EJ-5517,TCGA-EJ-5517
TCGA-EJ-7327,TCGA-EJ-7327
TCGA-ZG-A9L6,TCGA-ZG-A9L6
TCGA-YL-A8SL,TCGA-YL-A8SL
TCGA-CH-5763,TCGA-CH-5763
TCGA-G9-6366,TCGA-G9-6366
TCGA-G9-7521,TCGA-G9-7521
TCGA-V1-A8ML,TCGA-V1-A8ML
TCGA-HC-7737,TCGA-HC-7737
SC_9019,SC_9019
TCGA-J9-A52D,TCGA-J9-A52D
TP_2054,TP_2054
TCGA-MG-AAMC,TCGA-MG-AAMC
TCGA-V1-A9Z9,TCGA-V1-A9Z9
SC_9093,SC_9093
TCGA-KC-A4BV,TCGA-KC-A4BV
TCGA-KK-A6E7,TCGA-KK-A6E7
TCGA-V1-A8WW,TCGA-V1-A8WW
TCGA-HC-7738,TCGA-HC-7738
TCGA-V1-A8WL,TCGA-V1-A8WL
PM139,PM139
TCGA-HC-A6AP,TCGA-HC-A6AP
PRAD-DFCI.11-104.15-SM-3S2HH,PRAD-DFCI.11-104.15-SM-3S2HH
TCGA-V1-A9OT,TCGA-V1-A9OT
TCGA-VN-A88N,TCGA-VN-A88N
TCGA-Y6-A8TL,TCGA-Y6-A8TL
PROS01448-6115219-SM-67ERS,PROS01448-6115219-SM-67ERS
PROS10448-1115157-SM-5EEBO,PROS10448-1115157-SM-5EEBO
MO_1162,MO_1162
TCGA-M7-A71Y,TCGA-M7-A71Y
TCGA-V1-A9O7,TCGA-V1-A9O7
TCGA-QU-A6IN,TCGA-QU-A6IN
TCGA-YL-A8SJ,TCGA-YL-A8SJ
SC_9031,SC_9031
TCGA-CH-5762,TCGA-CH-5762
TCGA-EJ-7125,TCGA-EJ-7125
PROS10448-1115154-SM-5EEBM,PROS10448-1115154-SM-5EEBM
TCGA-EJ-5515,TCGA-EJ-5515
TCGA-YL-A8HK,TCGA-YL-A8HK
TCGA-HC-A48F,TCGA-HC-A48F
TCGA-J4-A6M7,TCGA-J4-A6M7
TCGA-G9-A9S4,TCGA-G9-A9S4
TCGA-HC-7231,TCGA-HC-7231
TCGA-YL-A9WY,TCGA-YL-A9WY
TCGA-YL-A8S8,TCGA-YL-A8S8
MO_1241,MO_1241
TCGA-HC-7233,TCGA-HC-7233
TCGA-G9-6343,TCGA-G9-6343
TCGA-HC-A8CY,TCGA-HC-A8CY
SC_9124,SC_9124
MO_1094,MO_1094
TCGA-2A-AAYU,TCGA-2A-AAYU
TCGA-HC-7819,TCGA-HC-7819
TCGA-EJ-7315,TCGA-EJ-7315
TCGA-HC-7212,TCGA-HC-7212
TCGA-HC-7075,TCGA-HC-7075
TCGA-EJ-5522,TCGA-EJ-5522
TCGA-V1-A9Z7,TCGA-V1-A9Z7
TCGA-CH-5771,TCGA-CH-5771
TCGA-G9-6342,TCGA-G9-6342
TCGA-KK-A8I4,TCGA-KK-A8I4
TCGA-YL-A8SI,TCGA-YL-A8SI
TCGA-2A-A8VO,TCGA-2A-A8VO
TCGA-HC-8259,TCGA-HC-8259
TCGA-M7-A724,TCGA-M7-A724
TCGA-EJ-7785,TCGA-EJ-7785
TCGA-HC-7230,TCGA-HC-7230
TCGA-KK-A8ID,TCGA-KK-A8ID
TCGA-EJ-5506,TCGA-EJ-5506
TCGA-KK-A8I5,TCGA-KK-A8I5
TCGA-J4-A67O,TCGA-J4-A67O
TCGA-EJ-5514,TCGA-EJ-5514
TCGA-EJ-5542,TCGA-EJ-5542
TCGA-EJ-7781,TCGA-EJ-7781
TP_2034,TP_2034
TCGA-EJ-8470,TCGA-EJ-8470
TCGA-CH-5748,TCGA-CH-5748
TCGA-EJ-AB20,TCGA-EJ-AB20
TCGA-EJ-7794,TCGA-EJ-7794
TCGA-V1-A9Z8,TCGA-V1-A9Z8
TCGA-YL-A8SC,TCGA-YL-A8SC
TCGA-KK-A8IB,TCGA-KK-A8IB
TCGA-CH-5741,TCGA-CH-5741
SC_9049,SC_9049
TCGA-YL-A8SB,TCGA-YL-A8SB
PM14,PM14
PM158,PM158
TCGA-ZG-A9L1,TCGA-ZG-A9L1
TCGA-G9-6364,TCGA-G9-6364
PM161,PM161
TCGA-KC-A7F5,TCGA-KC-A7F5
TCGA-G9-6354,TCGA-G9-6354
SC_9011,SC_9011
TCGA-TP-A8TT,TCGA-TP-A8TT
TCGA-H9-7775,TCGA-H9-7775
TCGA-J4-A67K,TCGA-J4-A67K
TCGA-2A-A8VX,TCGA-2A-A8VX
TCGA-ZG-A9ND,TCGA-ZG-A9ND
TCGA-M7-A720,TCGA-M7-A720
TCGA-V1-A9ZR,TCGA-V1-A9ZR
TCGA-X4-A8KS,TCGA-X4-A8KS
TCGA-XK-AAIV,TCGA-XK-AAIV
TCGA-QU-A6IO,TCGA-QU-A6IO
TCGA-G9-6336,TCGA-G9-6336
TCGA-J4-A67S,TCGA-J4-A67S
TCGA-YL-A8HL,TCGA-YL-A8HL
TCGA-2A-A8W3,TCGA-2A-A8W3
TCGA-HC-8261,TCGA-HC-8261
TCGA-HC-7749,TCGA-HC-7749
TCGA-XJ-A9DK,TCGA-XJ-A9DK
TCGA-EJ-A46F,TCGA-EJ-A46F
TCGA-HC-A6AS,TCGA-HC-A6AS
TCGA-V1-A9O9,TCGA-V1-A9O9
TCGA-KC-A4BN,TCGA-KC-A4BN
TCGA-G9-6385,TCGA-G9-6385
TCGA-XJ-A9DI,TCGA-XJ-A9DI
TCGA-EJ-5532,TCGA-EJ-5532
TCGA-EJ-A8FP,TCGA-EJ-A8FP
TCGA-V1-A8WS,TCGA-V1-A8WS
TCGA-FC-A6HD,TCGA-FC-A6HD
TCGA-ZG-A9LN,TCGA-ZG-A9LN
TCGA-HC-8260,TCGA-HC-8260
TCGA-YL-A8SK,TCGA-YL-A8SK
TCGA-CH-5744,TCGA-CH-5744
TCGA-HC-A8D1,TCGA-HC-A8D1
TCGA-J4-AATV,TCGA-J4-AATV
TCGA-V1-A9ZG,TCGA-V1-A9ZG
TCGA-ZG-A9L4,TCGA-ZG-A9L4
SC_9012,SC_9012
TCGA-ZG-A9LM,TCGA-ZG-A9LM
TCGA-EJ-A46I,TCGA-EJ-A46I
TCGA-CH-5792,TCGA-CH-5792
TCGA-J4-8198,TCGA-J4-8198
TCGA-J9-A52E,TCGA-J9-A52E
TCGA-ZG-A9L0,TCGA-ZG-A9L0
TCGA-J4-AAU2,TCGA-J4-AAU2
TCGA-EJ-A46B,TCGA-EJ-A46B
TCGA-YL-A8SQ,TCGA-YL-A8SQ
TCGA-EJ-A65G,TCGA-EJ-A65G
TCGA-G9-6351,TCGA-G9-6351
TCGA-CH-5745,TCGA-CH-5745
TCGA-FC-A5OB,TCGA-FC-A5OB
TCGA-EJ-A6RA,TCGA-EJ-A6RA
TCGA-HC-8266,TCGA-HC-8266
TCGA-M7-A722,TCGA-M7-A722
TCGA-EJ-7218,TCGA-EJ-7218
TCGA-YL-A9WX,TCGA-YL-A9WX
TCGA-M7-A71Z,TCGA-M7-A71Z
TCGA-ZG-A8QZ,TCGA-ZG-A8QZ
MO_1244,MO_1244
TCGA-V1-A9OF,TCGA-V1-A9OF
TCGA-EJ-5516,TCGA-EJ-5516
TCGA-HC-A6AQ,TCGA-HC-A6AQ
TCGA-J4-A6G3,TCGA-J4-A6G3
TCGA-EJ-5504,TCGA-EJ-5504
TCGA-J9-A8CN,TCGA-J9-A8CN
TCGA-EJ-5509,TCGA-EJ-5509
TCGA-J4-A6G1,TCGA-J4-A6G1
TCGA-V1-A8MJ,TCGA-V1-A8MJ
TCGA-SU-A7E7,TCGA-SU-A7E7
TCGA-J4-A83I,TCGA-J4-A83I
TCGA-EJ-7793,TCGA-EJ-7793
TCGA-ZG-A9LU,TCGA-ZG-A9LU
TCGA-HC-7818,TCGA-HC-7818
TCGA-FC-7708,TCGA-FC-7708
TCGA-EJ-A46E,TCGA-EJ-A46E
TCGA-ZG-A8QX,TCGA-ZG-A8QX
TCGA-H9-A6BX,TCGA-H9-A6BX
TCGA-XA-A8JR,TCGA-XA-A8JR
TCGA-KC-A7FE,TCGA-KC-A7FE
TCGA-V1-A8MM,TCGA-V1-A8MM
TCGA-G9-6347,TCGA-G9-6347
TCGA-HC-7740,TCGA-HC-7740
TCGA-CH-5746,TCGA-CH-5746
TCGA-G9-6353,TCGA-G9-6353
TCGA-EJ-A7NK,TCGA-EJ-A7NK
PROS10448-1115150-SM-5EEBK,PROS10448-1115150-SM-5EEBK
TCGA-KK-A6E5,TCGA-KK-A6E5
TCGA-FC-A66V,TCGA-FC-A66V
TCGA-ZG-A9MC,TCGA-ZG-A9MC
TCGA-KC-A4BR,TCGA-KC-A4BR
TCGA-G9-6370,TCGA-G9-6370
TCGA-G9-6367,TCGA-G9-6367
TCGA-HC-7079,TCGA-HC-7079
